Metric,DL Mean,LR Mean,Difference,Better Model,P-value,Significant
MAPE,0.2689379285845052,1.768012249336944,-1.4990743207524388,DL,8.337998139356066e-142,True
MAE,93.11822818646164,120.11390779570327,-26.99567960924163,DL,7.271688194145164e-125,True
RMSE,117.67785820537918,142.57344405732061,-24.89558585194144,DL,1.7096809911181736e-55,True
R2,0.7183727215465069,0.5864690231985713,0.13190369834793567,DL,2.003132808748184e-69,True
